<?xml version="1.0" encoding="UTF-8"?>
<project-private xmlns="http://www.netbeans.org/ns/project-private/1">
    <editor-bookmarks xmlns="http://www.netbeans.org/ns/editor-bookmarks/2" lastBookmarkId="0"/>
    <open-files xmlns="http://www.netbeans.org/ns/projectui-open-files/2">
        <group>
            <file>file:/Applications/MAMP/htdocs/newsys/app/Customer.php</file>
            <file>file:/Applications/MAMP/htdocs/newsys/.env</file>
            <file>file:/Applications/MAMP/htdocs/newsys/config/indipay.php</file>
            <file>file:/Applications/MAMP/htdocs/newsys/app/Http/Controllers/CustomerController.php</file>
            <file>file:/Applications/MAMP/htdocs/newsys/composer.json</file>
            <file>file:/Applications/MAMP/htdocs/newsys/app/Http/Controllers/AdminController.php</file>
            <file>file:/Applications/MAMP/htdocs/newsys/app/Http/Controllers/MessageController.php</file>
            <file>file:/Applications/MAMP/htdocs/newsys/resources/views/sms/test.blade.php</file>
            <file>file:/Applications/MAMP/htdocs/newsys/app/Console/Commands/ApproveMessage.php</file>
            <file>file:/Applications/MAMP/htdocs/newsys/app/Http/Controllers/SmsController.php</file>
            <file>file:/Applications/MAMP/htdocs/newsys/config/sms.php</file>
            <file>file:/Applications/MAMP/htdocs/newsys/app/Http/Controllers/Select2AutocompleteController.php</file>
            <file>file:/Applications/MAMP/htdocs/newsys/vendor/softon/indipay/src/Gateways/PayUMoneyGateway.php</file>
            <file>file:/Applications/MAMP/htdocs/newsys/app/Http/Controllers/PlanEntryController.php</file>
            <file>file:/Applications/MAMP/htdocs/newsys/app/Http/Kernel.php</file>
            <file>file:/Applications/MAMP/htdocs/newsys/app/Http/Controllers/PaymentController.php</file>
            <file>file:/Applications/MAMP/htdocs/newsys/app/Category.php</file>
            <file>file:/Applications/MAMP/htdocs/newsys/app/Message.php</file>
            <file>file:/Applications/MAMP/htdocs/newsys/app/Console/Kernel.php</file>
            <file>file:/Applications/MAMP/htdocs/newsys/app/Http/Controllers/RegistrationController.php</file>
            <file>file:/Applications/MAMP/htdocs/newsys/app/Http/Controllers/StudentController.php</file>
            <file>file:/Applications/MAMP/htdocs/newsys/resources/views/message_moderator.blade.php</file>
            <file>file:/Applications/MAMP/htdocs/newsys/app/Console/Commands/ScheduleMessage.php</file>
            <file>file:/Applications/MAMP/htdocs/newsys/resources/views/sms/events.blade.php</file>
            <file>file:/Applications/MAMP/htdocs/newsys/app/Http/Controllers/HomeController.php</file>
            <file>file:/Applications/MAMP/htdocs/newsys/composer.lock</file>
            <file>file:/Applications/MAMP/htdocs/newsys/config/app.php</file>
            <file>file:/Applications/MAMP/htdocs/newsys/routes/web.php</file>
            <file>file:/Applications/MAMP/htdocs/newsys/resources/views/retailer_payment.blade.php</file>
        </group>
    </open-files>
</project-private>
